name,ptest -- strcmp,ticks,bytes,local,local_gg,generic,i386,i486,i686,i686_1i,i686_1iu,i686_r2,1dw,compare,bytes,local,local_gg,generic,i386,i486,i686,i686_1i,i686_1iu,i686_r2,1dw,compare (%),bytes,local,local_gg,generic,i386,i486,i686,i686_1i,i686_1iu,i686_r2,1dw
vers,1.0,,0, 157.137, 160.131, 155.477, 147.068, 157.127, 129.92, 145.409, 145.348, 145.242, 169.793,,0, 1, 0.981306, 1.01068, 1.06847, 1.00007, 1.20949, 1.08066, 1.08111, 1.0819, 0.925461,,0, 0,-0.0190503, 0.0105685, 0.0640789, 6.79882e-05, 0.173206, 0.0746388, 0.0750265, 0.0757025,-0.0805421
start,0,,1, 191.759, 170.994, 166.302, 188.293, 167.807, 176.671, 157.275, 158.269, 158.33, 181.158,,1, 1, 1.12144, 1.15308, 1.01841, 1.14273, 1.0854, 1.21926, 1.2116, 1.21113, 1.05852,,1, 0, 0.108286, 0.132755, 0.0180778, 0.124905, 0.0786806, 0.179829, 0.174646, 0.174328, 0.0552829
end,128,,2, 207.934, 180.666, 177.657, 198.367, 177.855, 188.051, 165.743, 168.126, 167.765, 193.555,,2, 1, 1.15093, 1.17042, 1.04823, 1.16912, 1.10573, 1.25456, 1.23677, 1.23944, 1.07429,,2, 0, 0.131139, 0.145608, 0.0460081, 0.144654, 0.0956222, 0.202907, 0.191445, 0.193183, 0.0691498
incr,1,,3, 223.575, 192.738, 189.854, 207.736, 189.017, 199.808, 174.708, 175.574, 174.866, 206.173,,3, 1, 1.15999, 1.17762, 1.07625, 1.18283, 1.11895, 1.27971, 1.27339, 1.27855, 1.08441,,3, 0, 0.137926, 0.150827, 0.0708435, 0.154569, 0.106302, 0.218571, 0.214695, 0.217865, 0.0778359
num_try,61440,,4, 239.191, 203.768, 202.078, 217.355, 200.231, 211.104, 185.399, 185.223, 183.108, 217.806,,4, 1, 1.17384, 1.18366, 1.10046, 1.19457, 1.13305, 1.29014, 1.29136, 1.30628, 1.09818,,4, 0, 0.148093, 0.15516, 0.0912913, 0.16288, 0.117426, 0.224891, 0.225625, 0.234469, 0.0894027
align,31,,5, 254.459, 215.29, 214.253, 227.218, 211.585, 222.352, 195.032, 191.94, 191.725, 230.74,,5, 1, 1.18194, 1.18765, 1.11989, 1.20263, 1.14439, 1.3047, 1.32572, 1.32721, 1.10279,,5, 0, 0.153931, 0.158004, 0.107052, 0.168491, 0.126175, 0.233543, 0.245691, 0.24654, 0.0932112
baseline,0,,6, 270.231, 225.606, 225.726, 236.505, 222.394, 233.496, 205.256, 199.922, 199.779, 243.368,,6, 1, 1.1978, 1.19716, 1.1426, 1.2151, 1.15733, 1.31656, 1.35168, 1.35265, 1.11038,,6, 0, 0.165138, 0.164693, 0.124806, 0.177024, 0.13594, 0.240444, 0.260182, 0.260711, 0.099408
rand,1,,7, 285.391, 236.727, 237.818, 246.249, 233.613, 244.467, 215.336, 208.541, 208.286, 255.858,,7, 1, 1.20557, 1.20004, 1.15895, 1.22164, 1.1674, 1.32533, 1.36851, 1.37019, 1.11543,,7, 0, 0.170515, 0.166691, 0.137152, 0.181429, 0.143395, 0.24547, 0.269277, 0.270174, 0.103481
rand_align,1,,8, 300.396, 247.947, 249.727, 255.745, 244.71, 255.47, 225.452, 217.749, 215.875, 264.319,,8, 1, 1.21153, 1.2029, 1.17459, 1.22756, 1.17585, 1.33242, 1.37955, 1.39153, 1.13649,,8, 0, 0.1746, 0.168673, 0.148641, 0.185374, 0.149554, 0.249484, 0.275126, 0.281365, 0.120097
seed,0,,9, 315.861, 258.612, 261.22, 264.986, 255.11, 266.173, 234.866, 226.733, 225.854, 273.434,,9, 1, 1.22137, 1.20918, 1.19199, 1.23814, 1.18667, 1.34486, 1.3931, 1.39852, 1.15516,,9, 0, 0.181247, 0.172992, 0.161069, 0.192335, 0.157309, 0.256425, 0.282175, 0.284959, 0.134322
testmask,0,,10, 330.2, 269.152, 273.4, 273.939, 265.62, 277.47, 244.743, 235.083, 233.074, 282.364,,10, 1, 1.22682, 1.20775, 1.20538, 1.24313, 1.19004, 1.34917, 1.40461, 1.41672, 1.16941,,10, 0, 0.184883, 0.172017, 0.170385, 0.195579, 0.159691, 0.258803, 0.288059, 0.294144, 0.144869
clock,500,,11, 345.314, 280.361, 285.188, 283.557, 276.697, 288.526, 254.328, 241.674, 239.005, 290.879,,11, 1, 1.23168, 1.21083, 1.21779, 1.24799, 1.19682, 1.35775, 1.42884, 1.4448, 1.18714,,11, 0, 0.1881, 0.17412, 0.178842, 0.19871, 0.164453, 0.263487, 0.300132, 0.307862, 0.15764
=====,,,12, 359.783, 290.831, 296.511, 292.077, 287.447, 299.091, 264.375, 247.963, 244.827, 299.168,,12, 1, 1.23709, 1.21339, 1.23181, 1.25165, 1.20292, 1.36088, 1.45095, 1.46954, 1.20261,,12, 0, 0.191648, 0.175861, 0.188187, 0.201054, 0.168691, 0.265183, 0.310798, 0.319515, 0.168477
Totals:,,,13, 374.838, 301.024, 307.565, 302.638, 298.015, 309.411, 273.613, 254.187, 250.757, 307.555,,13, 1, 1.24521, 1.21873, 1.23857, 1.25778, 1.21146, 1.36995, 1.47466, 1.49482, 1.21877,,13, 0, 0.196921, 0.179472, 0.192616, 0.20495, 0.174546, 0.270049, 0.321876, 0.331025, 0.1795
total_bytes, 8256,,14, 388.478, 311.887, 319.424, 310.866, 307.78, 319.468, 283.311, 260.08, 257.349, 315.699,,14, 1, 1.24557, 1.21618, 1.24966, 1.2622, 1.21602, 1.37121, 1.49369, 1.50954, 1.23053,,14, 0, 0.197157, 0.177755, 0.199785, 0.207731, 0.177644, 0.270717, 0.330517, 0.337545, 0.187344
best_test,i686_r2,,15, 403.52, 321.673, 330.406, 319.105, 318.433, 330.528, 292.608, 265.826, 262.352, 324.047,,15, 1, 1.25444, 1.22128, 1.26454, 1.26721, 1.22084, 1.37905, 1.51799, 1.53808, 1.24525,,15, 0, 0.202832, 0.18119, 0.209196, 0.210862, 0.180889, 0.274862, 0.341233, 0.349841, 0.196949
best_total, 64040.6,,16, 417, 331.626, 341.234, 328.093, 328.759, 340.908, 301.953, 275.451, 271.263, 332.885,,16, 1, 1.25744, 1.22203, 1.27098, 1.2684, 1.2232, 1.38101, 1.51388, 1.53725, 1.25268,,16, 0, 0.204733, 0.181692, 0.213206, 0.211607, 0.182475, 0.275892, 0.339447, 0.349488, 0.201713
worst_test,local,,17, 432.818, 342.269, 352.443, 337.105, 338.504, 350.914, 311.127, 283.015, 279.015, 340.723,,17, 1, 1.26455, 1.22805, 1.28393, 1.27862, 1.2334, 1.39113, 1.52931, 1.55123, 1.27029,,17, 0, 0.209207, 0.185701, 0.221138, 0.217907, 0.189234, 0.281161, 0.346111, 0.355352, 0.21278
worst_total, 127538,,18, 446.794, 352.341, 362.939, 345.663, 349.301, 360.049, 320.482, 289.793, 286.234, 348.825,,18, 1, 1.26807, 1.23104, 1.29257, 1.27911, 1.24092, 1.39413, 1.54177, 1.56094, 1.28085,,18, 0, 0.211402, 0.187681, 0.226348, 0.218204, 0.194149, 0.282706, 0.351393, 0.359361, 0.21927
total_local, 127538,,19, 462.65, 362.037, 373.97, 354.004, 359.157, 371.537, 329.349, 294.049, 290.117, 356.218,,19, 1, 1.27791, 1.23713, 1.30691, 1.28815, 1.24523, 1.40474, 1.57338, 1.5947, 1.29878,,19, 0, 0.217471, 0.191678, 0.234834, 0.223695, 0.196937, 0.288124, 0.364425, 0.372922, 0.230049
total_local_gg, 93950.9,,20, 475.895, 372.592, 383.832, 362.097, 369.227, 381.152, 337.739, 299.019, 295.352, 364.05,,20, 1, 1.27725, 1.23985, 1.31427, 1.2889, 1.24857, 1.40906, 1.59152, 1.61128, 1.30722,,20, 0, 0.217071, 0.193451, 0.239124, 0.224142, 0.199083, 0.290308, 0.371671, 0.379376, 0.235021
total_generic, 100040,,21, 491.751, 381.843, 394.85, 372.011, 378.633, 391.324, 347.337, 303.42, 300.429, 371.759,,21, 1, 1.28784, 1.24541, 1.32187, 1.29875, 1.25663, 1.41577, 1.62069, 1.63683, 1.32277,,21, 0, 0.223504, 0.197053, 0.243497, 0.230031, 0.204222, 0.293672, 0.38298, 0.389061, 0.244009
total_i386, 84867.4,,22, 504.902, 391.649, 405.653, 380.202, 387.651, 400.935, 356.085, 311.713, 306.039, 379.617,,22, 1, 1.28917, 1.24466, 1.32798, 1.30246, 1.25931, 1.41792, 1.61976, 1.64979, 1.33003,,22, 0, 0.224306, 0.19657, 0.246977, 0.232225, 0.205915, 0.294743, 0.382626, 0.393863, 0.248137
total_i486, 93624.9,,23, 520.401, 401.347, 416.051, 388.617, 398.026, 410.639, 364.153, 315.266, 313.155, 387.651,,23, 1, 1.29664, 1.25081, 1.33911, 1.30745, 1.2673, 1.42907, 1.65067, 1.6618, 1.34245,,23, 0, 0.228773, 0.200518, 0.253235, 0.235155, 0.210918, 0.300246, 0.394187, 0.398243, 0.255092
total_i686, 95043.8,,24, 533.287, 410.974, 425.466, 395.652, 407.937, 420.388, 373.418, 321.157, 317.865, 395.299,,24, 1, 1.29762, 1.25342, 1.34787, 1.30728, 1.26856, 1.42812, 1.66052, 1.67772, 1.34907,,24, 0, 0.229357, 0.202182, 0.258088, 0.235052, 0.211704, 0.299781, 0.397778, 0.403952, 0.25875
total_i686_1i, 85501.6,,25, 548.81, 420.08, 435.654, 403.841, 417.335, 429.517, 381.927, 326.763, 324.306, 402.137,,25, 1, 1.30644, 1.25974, 1.35898, 1.31504, 1.27774, 1.43695, 1.67953, 1.69226, 1.36473,,25, 0, 0.234562, 0.206184, 0.264152, 0.239565, 0.217367, 0.304081, 0.404597, 0.409075, 0.267256
total_i686_1iu, 64500.1,,26, 562.75, 428.31, 448.125, 411.648, 425.554, 439.088, 390.147, 333.718, 331.175, 409.811,,26, 1, 1.31389, 1.25579, 1.36707, 1.3224, 1.28163, 1.44241, 1.6863, 1.69925, 1.3732,,26, 0, 0.238899, 0.203687, 0.268507, 0.243797, 0.219746, 0.306714, 0.406987, 0.411506, 0.271772
total_i686_r2, 64040.6,,27, 576.462, 440.62, 459.202, 420.761, 434.521, 447.782, 398.71, 340.417, 335.993, 419.176,,27, 1, 1.3083, 1.25535, 1.37005, 1.32666, 1.28737, 1.44582, 1.6934, 1.7157, 1.37523,,27, 0, 0.235647, 0.203412, 0.270098, 0.246227, 0.223224, 0.308349, 0.409471, 0.417146, 0.272846
total_1dw, 82308.2,,28, 591.052, 449.556, 466.907, 429.032, 446.465, 457.943, 406.293, 344.959, 341.413, 425.964,,28, 1, 1.31475, 1.26589, 1.37764, 1.32385, 1.29067, 1.45475, 1.7134, 1.73119, 1.38756,,28, 0, 0.239397, 0.21004, 0.274121, 0.244626, 0.225207, 0.312594, 0.416364, 0.422364, 0.279312
ratio_local, 1,,29, 606.491, 458.582, 480.991, 436.22, 454.737, 466.19, 417.594, 349.328, 346.191, 432.991,,29, 1, 1.32254, 1.26092, 1.39033, 1.33372, 1.30095, 1.45235, 1.73617, 1.7519, 1.4007,,29, 0, 0.243877, 0.206929, 0.280747, 0.250216, 0.231333, 0.311459, 0.424018, 0.42919, 0.286072
ratio_local_gg, 1.35749,,30, 617.208, 467.522, 492.292, 446.616, 464.999, 477.731, 425.596, 352.667, 350.559, 439.736,,30, 1, 1.32017, 1.25374, 1.38197, 1.32733, 1.29196, 1.45022, 1.75012, 1.76064, 1.40359,,30, 0, 0.24252, 0.202389, 0.276394, 0.246609, 0.225981, 0.310449, 0.428609, 0.432025, 0.287539
ratio_generic, 1.27487,,31, 634.567, 478.462, 498.147, 453.778, 475.433, 487.624, 434.374, 357.752, 354.671, 450.509,,31, 1, 1.32626, 1.27385, 1.39841, 1.33471, 1.30134, 1.46088, 1.77376, 1.78917, 1.40856,,31, 0, 0.246001, 0.21498, 0.284901, 0.250775, 0.231563, 0.31548, 0.436226, 0.441082, 0.290053
ratio_i386, 1.50279,,32, 645.938, 487.828, 511.841, 461.351, 483.56, 495.271, 442.182, 366.835, 362.565, 457.433,,32, 1, 1.32411, 1.26199, 1.4001, 1.3358, 1.30421, 1.4608, 1.76084, 1.78158, 1.41209,,32, 0, 0.244777, 0.207601, 0.285766, 0.251384, 0.233253, 0.315442, 0.432089, 0.438701, 0.291832
ratio_i486, 1.36222,,33, 662.411, 498.16, 519.269, 468.574, 494.722, 506.868, 450.436, 372.913, 369.078, 463.058,,33, 1, 1.32971, 1.27566, 1.41367, 1.33896, 1.30687, 1.4706, 1.77632, 1.79477, 1.43052,,33, 0, 0.247959, 0.216093, 0.292624, 0.25315, 0.234813, 0.320005, 0.437038, 0.442826, 0.300951
ratio_i686, 1.34188,,34, 677.496, 505.735, 534.593, 479.563, 504.947, 515.686, 459.292, 378.131, 374.053, 474.57,,34, 1, 1.33962, 1.26731, 1.41274, 1.34172, 1.31378, 1.47509, 1.7917, 1.81123, 1.4276,,34, 0, 0.253522, 0.210927, 0.292154, 0.254687, 0.238835, 0.322074, 0.441869, 0.447888, 0.299523
ratio_i686_1i, 1.49164,,35, 690.217, 519.212, 540.591, 485.204, 516.354, 526.927, 470.818, 381.96, 377.173, 481.072,,35, 1, 1.32935, 1.27678, 1.42253, 1.33671, 1.30989, 1.466, 1.80704, 1.82998, 1.43475,,35, 0, 0.247755, 0.21678, 0.297027, 0.251896, 0.236578, 0.31787, 0.446608, 0.453545, 0.303013
ratio_i686_1iu, 1.97733,,36, 706.456, 526.626, 553.213, 495.657, 523.734, 536.793, 478.031, 385.41, 381.622, 485.989,,36, 1, 1.34147, 1.27701, 1.42529, 1.34888, 1.31607, 1.47785, 1.833, 1.85119, 1.45365,,36, 0, 0.254551, 0.216918, 0.298389, 0.258645, 0.240161, 0.323339, 0.454445, 0.459808, 0.312075
ratio_i686_r2, 1.99151,,37, 725.852, 538.32, 564.895, 503.465, 530.896, 548.6, 490.311, 392.078, 386.192, 497.066,,37, 1, 1.34836, 1.28493, 1.44171, 1.36722, 1.3231, 1.48039, 1.85129, 1.87951, 1.46027,,37, 0, 0.258361, 0.221749, 0.30638, 0.268589, 0.244198, 0.324502, 0.459837, 0.467946, 0.315197
ratio_1dw, 1.54951,,38, 736.638, 544.965, 576.421, 508.385, 545.487, 554.317, 494.644, 398.327, 393.754, 504.73,,38, 1, 1.35172, 1.27795, 1.44898, 1.35042, 1.32891, 1.48923, 1.84933, 1.8708, 1.45947,,38, 0, 0.260199, 0.217497, 0.309858, 0.25949, 0.247503, 0.328511, 0.459263, 0.465471, 0.314819
,,,39, 747.328, 554.871, 585.478, 521.438, 550.641, 566.505, 504.983, 401.32, 399.617, 510.476,,39, 1, 1.34685, 1.27644, 1.43321, 1.3572, 1.31919, 1.47991, 1.86217, 1.87011, 1.46398,,39, 0, 0.257526, 0.216571, 0.302263, 0.263186, 0.241959, 0.324282, 0.462993, 0.465272, 0.316932
,,,40, 758.526, 568.073, 599.659, 526.24, 565.972, 575.997, 511.803, 405.96, 403.065, 521.257,,40, 1, 1.33526, 1.26493, 1.44141, 1.34022, 1.31689, 1.48207, 1.86847, 1.8819, 1.45519,,40, 0, 0.251083, 0.209442, 0.306234, 0.253853, 0.240636, 0.325267, 0.464804, 0.468621, 0.312803
,,,41, 776.465, 574.356, 607.749, 533.812, 574.443, 583.141, 518.957, 410.507, 408.781, 524.686,,41, 1, 1.35189, 1.27761, 1.45457, 1.35168, 1.33152, 1.4962, 1.89148, 1.89947, 1.47987,,41, 0, 0.260293, 0.217287, 0.31251, 0.260182, 0.24898, 0.331642, 0.471313, 0.473536, 0.324263
,,,42, 789.023, 587.279, 620.44, 545.116, 578.918, 596.253, 533.477, 419.952, 413.776, 533.038,,42, 1, 1.34352, 1.27172, 1.44744, 1.36293, 1.3233, 1.47902, 1.87884, 1.90689, 1.48024,,42, 0, 0.255688, 0.213661, 0.309126, 0.266286, 0.244315, 0.323876, 0.467757, 0.475585, 0.324434
,,,43, 800.362, 595.119, 630.279, 551.867, 590.806, 603.825, 541.437, 425.018, 421.654, 541.763,,43, 1, 1.34488, 1.26985, 1.45028, 1.3547, 1.32549, 1.47822, 1.88312, 1.89815, 1.47733,,43, 0, 0.256438, 0.212508, 0.310479, 0.261828, 0.245561, 0.32351, 0.468968, 0.473171, 0.323103
,,,44, 809.848, 604.783, 637.557, 558.082, 599.402, 611.036, 545.846, 429.634, 425.532, 551.168,,44, 1, 1.33907, 1.27024, 1.45113, 1.35109, 1.32537, 1.48366, 1.88497, 1.90314, 1.46933,,44, 0, 0.253215, 0.212745, 0.310881, 0.259858, 0.245493, 0.32599, 0.469488, 0.474553, 0.319418
,,,45, 828.206, 616.718, 651.341, 565.464, 610.191, 625.524, 560.082, 433.244, 429.498, 556.091,,45, 1, 1.34292, 1.27154, 1.46465, 1.35729, 1.32402, 1.47872, 1.91164, 1.92831, 1.48934,,45, 0, 0.255356, 0.213552, 0.317243, 0.263237, 0.244724, 0.32374, 0.476889, 0.481411, 0.328559
,,,46, 840.373, 619.67, 659.506, 574.302, 619.11, 630.674, 563.279, 435.237, 432.725, 562.698,,46, 1, 1.35616, 1.27425, 1.46329, 1.35739, 1.3325, 1.49193, 1.93084, 1.94205, 1.49347,,46, 0, 0.262624, 0.215222, 0.31661, 0.26329, 0.24953, 0.329727, 0.48209, 0.48508, 0.330418
,,,47, 849.524, 630.112, 668.971, 580.39, 628.396, 639.409, 569.824, 443.823, 436.031, 572.257,,47, 1, 1.34821, 1.2699, 1.46371, 1.35189, 1.32861, 1.49085, 1.91411, 1.94831, 1.48452,,47, 0, 0.258276, 0.212535, 0.316806, 0.260297, 0.247332, 0.329243, 0.477563, 0.486736, 0.32638
,,,48, 868.686, 646.592, 681.635, 585.585, 642.465, 653.909, 577.522, 451.164, 446.936, 576.323,,48, 1, 1.34348, 1.27442, 1.48345, 1.35211, 1.32845, 1.50416, 1.92543, 1.94365, 1.50729,,48, 0, 0.255666, 0.215327, 0.325895, 0.260418, 0.247243, 0.335178, 0.480636, 0.485503, 0.336558
,,,49, 879.425, 650.502, 689.277, 597.226, 647.922, 657.509, 591.885, 454.825, 452.173, 586.285,,49, 1, 1.35192, 1.27587, 1.47252, 1.3573, 1.33751, 1.4858, 1.93354, 1.94488, 1.49999,,49, 0, 0.260309, 0.216218, 0.32089, 0.263243, 0.252342, 0.326964, 0.482815, 0.485831, 0.333331
,,,50, 889.553, 654.326, 702.399, 604.205, 657.475, 665.281, 597.26, 459.319, 456.012, 586.461,,50, 1, 1.35949, 1.26645, 1.47227, 1.35298, 1.33711, 1.48939, 1.93668, 1.95072, 1.51682,,50, 0, 0.264433, 0.21039, 0.320777, 0.260892, 0.252118, 0.328585, 0.483652, 0.48737, 0.340724
,,,51, 899.613, 671.538, 711.967, 610.504, 668.541, 681.398, 602.864, 468.529, 458.212, 601.09,,51, 1, 1.33963, 1.26356, 1.47356, 1.34564, 1.32025, 1.49223, 1.92008, 1.96331, 1.49664,,51, 0, 0.253526, 0.208586, 0.32137, 0.256857, 0.242566, 0.329863, 0.479188, 0.490656, 0.331835
,,,52, 908.04, 678.101, 719.03, 615.249, 675.069, 688.782, 612.898, 470.621, 467.313, 605.203,,52, 1, 1.33909, 1.26287, 1.47589, 1.34511, 1.31833, 1.48155, 1.92945, 1.94311, 1.50039,,52, 0, 0.253226, 0.208151, 0.322443, 0.256564, 0.241462, 0.325032, 0.481718, 0.48536, 0.333506
,,,53, 917.503, 691.166, 735.375, 621.557, 680.542, 693.703, 622.555, 474.277, 470.491, 608.692,,53, 1, 1.32747, 1.24767, 1.47614, 1.34819, 1.32262, 1.47377, 1.93453, 1.9501, 1.50734,,53, 0, 0.246688, 0.198505, 0.322556, 0.258267, 0.243923, 0.321468, 0.483078, 0.487205, 0.336578
,,,54, 932.958, 697.405, 743.488, 634.551, 697.748, 707.807, 627.523, 478.006, 475.289, 615.794,,54, 1, 1.33776, 1.25484, 1.47026, 1.3371, 1.3181, 1.48673, 1.95177, 1.96293, 1.51505,,54, 0, 0.25248, 0.203085, 0.31985, 0.252111, 0.24133, 0.327384, 0.487644, 0.490556, 0.339955
,,,55, 944.81, 716.932, 750.814, 637.225, 702.933, 715.134, 640.453, 481.005, 479.619, 620.785,,55, 1, 1.31785, 1.25838, 1.4827, 1.3441, 1.32117, 1.47522, 1.96424, 1.96992, 1.52196,,55, 0, 0.241189, 0.205328, 0.325553, 0.256006, 0.243092, 0.322136, 0.490897, 0.492365, 0.342952
,,,56, 955.48, 719.156, 757.816, 645.385, 718.274, 721.776, 648.224, 490.788, 480.197, 632.69,,56, 1, 1.32861, 1.26083, 1.48048, 1.33024, 1.32379, 1.474, 1.94683, 1.98977, 1.51019,,56, 0, 0.247335, 0.206873, 0.324544, 0.248258, 0.244593, 0.321572, 0.486344, 0.497428, 0.33783
,,,57, 963.278, 728.135, 766.323, 650.832, 728.14, 735.345, 656.256, 496.33, 494.418, 638.338,,57, 1, 1.32294, 1.25701, 1.48007, 1.32293, 1.30997, 1.46784, 1.9408, 1.94831, 1.50904,,57, 0, 0.244107, 0.204463, 0.324357, 0.244102, 0.236622, 0.318726, 0.484749, 0.486734, 0.337327
,,,58, 968.731, 734.524, 776.981, 665.493, 731.591, 744.772, 660.124, 499.56, 497.666, 643.058,,58, 1, 1.31885, 1.24679, 1.45566, 1.32414, 1.30071, 1.4675, 1.93917, 1.94655, 1.50644,,58, 0, 0.241766, 0.197939, 0.313026, 0.244794, 0.231188, 0.318568, 0.484315, 0.48627, 0.336185
,,,59, 990.009, 739.231, 788.465, 667.06, 740.45, 750.982, 671.64, 503.658, 499.42, 646.264,,59, 1, 1.33924, 1.25562, 1.48414, 1.33704, 1.31829, 1.47402, 1.96564, 1.98232, 1.53189,,59, 0, 0.253309, 0.203578, 0.326208, 0.252077, 0.241439, 0.321582, 0.491259, 0.495539, 0.347214
,,,60, 1003.41, 747.841, 799.17, 680.987, 746.606, 758.522, 680.188, 514.436, 504.542, 652.648,,60, 1, 1.34175, 1.25557, 1.47347, 1.34397, 1.32285, 1.4752, 1.95051, 1.98876, 1.53745,,60, 0, 0.254703, 0.203549, 0.32133, 0.255934, 0.244059, 0.322126, 0.487314, 0.497174, 0.349573
,,,61, 1000.38, 762.153, 805.123, 686.215, 759.326, 761.22, 682.531, 516.65, 515.195, 673.353,,61, 1, 1.31257, 1.24252, 1.45782, 1.31746, 1.31418, 1.46569, 1.93628, 1.94175, 1.48567,,61, 0, 0.238136, 0.195181, 0.314044, 0.240961, 0.239068, 0.317727, 0.483545, 0.485, 0.326902
,,,62, 1019.05, 768.757, 811.848, 691.513, 767.902, 767.866, 688.152, 518.996, 517.977, 675.853,,62, 1, 1.32559, 1.25523, 1.47366, 1.32706, 1.32713, 1.48086, 1.96351, 1.96738, 1.50781,,62, 0, 0.245618, 0.203332, 0.321417, 0.246456, 0.246492, 0.324715, 0.490708, 0.491709, 0.336785
,,,63, 1037.45, 777.173, 817.305, 706.476, 773.581, 785.416, 702.095, 520.89, 519.773, 678.615,,63, 1, 1.3349, 1.26935, 1.46848, 1.3411, 1.32089, 1.47764, 1.99168, 1.99596, 1.52877,,63, 0, 0.250878, 0.212196, 0.319024, 0.254341, 0.242933, 0.323246, 0.497911, 0.498988, 0.345879
,,,64, 1044.16, 780.861, 836.174, 710.548, 781.629, 794.387, 709.502, 527.434, 523.668, 688.502,,64, 1, 1.33719, 1.24873, 1.46951, 1.33587, 1.31442, 1.47168, 1.97969, 1.99393, 1.51656,,64, 0, 0.252162, 0.199187, 0.319501, 0.251425, 0.239207, 0.320503, 0.494871, 0.498478, 0.340615
,,,65, 1052.34, 786.895, 842.433, 713.04, 785.859, 800.159, 720.59, 538.034, 527.574, 698.677,,65, 1, 1.33733, 1.24917, 1.47585, 1.3391, 1.31516, 1.46039, 1.9559, 1.99468, 1.50619,,65, 0, 0.252243, 0.199467, 0.322425, 0.253228, 0.239639, 0.31525, 0.488726, 0.498666, 0.336073
,,,66, 1054.14, 805.404, 849.654, 720.161, 801.723, 804.703, 727.26, 541.835, 540.128, 704.088,,66, 1, 1.30884, 1.24067, 1.46376, 1.31485, 1.30998, 1.44947, 1.94551, 1.95165, 1.49718,,66, 0, 0.235963, 0.193986, 0.316828, 0.239455, 0.236628, 0.310094, 0.485995, 0.487614, 0.332076
,,,67, 1077.88, 810.872, 853.603, 723.446, 807.065, 818.226, 732.356, 545.268, 540.519, 709.219,,67, 1, 1.32929, 1.26274, 1.48993, 1.33556, 1.31734, 1.4718, 1.9768, 1.99416, 1.51982,,67, 0, 0.247718, 0.208074, 0.328827, 0.251249, 0.240895, 0.320561, 0.494131, 0.498536, 0.342026
,,,68, 1090.12, 816.906, 872.91, 738.296, 813.168, 821.972, 737.087, 546.441, 544.127, 711.018,,68, 1, 1.33445, 1.24884, 1.47654, 1.34059, 1.32623, 1.47896, 1.99495, 2.00344, 1.53319,,68, 0, 0.25063, 0.199256, 0.322741, 0.254059, 0.245982, 0.32385, 0.498735, 0.500858, 0.347764
,,,69, 1094.26, 820.67, 878.823, 744.586, 818.224, 828.437, 741.487, 548.704, 545.464, 715.561,,69, 1, 1.33338, 1.24515, 1.46963, 1.33737, 1.32088, 1.47577, 1.99427, 2.00612, 1.52924,,69, 0, 0.250026, 0.196882, 0.319556, 0.252261, 0.242929, 0.322388, 0.498564, 0.501525, 0.346081
,,,70, 1100.69, 826.793, 885.501, 746.847, 824.53, 835.469, 756.811, 551.648, 547.636, 720.973,,70, 1, 1.33127, 1.24301, 1.47378, 1.33493, 1.31745, 1.45438, 1.99527, 2.00989, 1.52667,,70, 0, 0.24884, 0.195502, 0.321472, 0.250896, 0.240957, 0.31242, 0.498815, 0.50246, 0.34498
,,,71, 1127.31, 846.518, 891.417, 754.427, 830.746, 840.733, 760.492, 553.411, 550.811, 735.039,,71, 1, 1.3317, 1.26462, 1.49425, 1.35698, 1.34086, 1.48234, 2.03701, 2.04663, 1.53367,,71, 0, 0.249078, 0.20925, 0.330769, 0.263069, 0.25421, 0.325389, 0.509085, 0.511391, 0.347968
,,,72, 1129.01, 852.22, 897.544, 757.033, 849.629, 857.449, 766.489, 563.938, 552.36, 739.797,,72, 1, 1.32479, 1.25789, 1.49137, 1.32883, 1.31671, 1.47297, 2.00202, 2.04398, 1.52611,,72, 0, 0.245164, 0.205019, 0.329474, 0.247458, 0.240533, 0.321098, 0.500504, 0.510758, 0.34474
,,,73, 1125.39, 855.086, 899.11, 761.312, 854.895, 863.844, 773.276, 567.696, 564.286, 742.068,,73, 1, 1.31612, 1.25168, 1.47823, 1.31641, 1.30277, 1.45536, 1.98239, 1.99437, 1.51656,,73, 0, 0.24019, 0.201071, 0.323515, 0.24036, 0.232407, 0.312884, 0.495558, 0.498588, 0.340615
,,,74, 1144.88, 861.493, 911.694, 776.884, 860.254, 868.623, 775.417, 572.239, 565.745, 748.409,,74, 1, 1.32895, 1.25577, 1.47368, 1.33086, 1.31804, 1.47647, 2.0007, 2.02367, 1.52975,,74, 0, 0.247525, 0.203677, 0.321427, 0.248607, 0.241297, 0.322709, 0.500175, 0.505847, 0.346298
,,,75, 1161.21, 867.323, 917.923, 777.619, 865.141, 874.265, 792.819, 572.837, 572.488, 751.395,,75, 1, 1.33885, 1.26505, 1.49329, 1.34223, 1.32822, 1.46467, 2.02713, 2.02836, 1.54541,,75, 0, 0.253089, 0.209514, 0.33034, 0.254969, 0.247111, 0.31725, 0.506691, 0.506992, 0.352923
,,,76, 1167.77, 872.558, 932.371, 782.707, 870.364, 878.662, 800.209, 585.304, 573.175, 753.987,,76, 1, 1.33833, 1.25248, 1.49197, 1.34171, 1.32903, 1.45933, 1.99516, 2.03738, 1.5488,,76, 0, 0.252801, 0.201582, 0.329744, 0.25468, 0.247574, 0.314756, 0.498786, 0.509173, 0.354338
,,,77, 1178.44, 874.108, 927.017, 786.964, 874.122, 880.746, 803.321, 587.62, 573.489, 755.624,,77, 1, 1.34817, 1.27122, 1.49745, 1.34814, 1.33801, 1.46696, 2.00545, 2.05486, 1.55956,,77, 0, 0.258251, 0.213354, 0.3322, 0.25824, 0.252619, 0.31832, 0.501359, 0.51335, 0.358795
,,,78, 1177.63, 885.264, 941.924, 791.535, 878.333, 892.895, 807.858, 589.543, 586.672, 771.066,,78, 1, 1.33026, 1.25024, 1.48778, 1.34076, 1.31889, 1.45772, 1.99753, 2.00731, 1.52728,,78, 0, 0.248267, 0.200154, 0.327858, 0.254153, 0.241787, 0.313998, 0.499383, 0.50182, 0.34524
,,,79, 1206.11, 897.597, 952.759, 796.04, 899.612, 902.259, 813.47, 591.105, 586.616, 774.962,,79, 1, 1.3437, 1.26591, 1.51513, 1.34069, 1.33676, 1.48267, 2.04043, 2.05604, 1.55634,,79, 0, 0.255789, 0.210053, 0.339992, 0.254118, 0.251924, 0.32554, 0.509906, 0.513628, 0.357467
,,,80, 1216.04, 899.709, 957.359, 799.737, 898.487, 902.848, 816.955, 594.51, 591.32, 778.866,,80, 1, 1.35159, 1.2702, 1.52055, 1.35343, 1.34689, 1.4885, 2.04545, 2.05648, 1.56129,,80, 0, 0.260131, 0.212722, 0.342342, 0.261136, 0.257549, 0.328183, 0.511109, 0.513732, 0.359505
,,,81, 1217.92, 909.874, 969.618, 802.671, 904.235, 916.789, 819.714, 595.921, 591.925, 783.423,,81, 1, 1.33856, 1.25608, 1.51734, 1.34691, 1.32846, 1.48579, 2.04376, 2.05756, 1.55462,,81, 0, 0.252928, 0.203875, 0.34095, 0.257558, 0.247251, 0.326956, 0.510707, 0.513988, 0.356754
,,,82, 1228.32, 915.07, 969.781, 819.487, 906.149, 921.549, 839.983, 608.139, 593.953, 784.474,,82, 1, 1.34232, 1.26659, 1.49889, 1.35554, 1.33289, 1.46231, 2.0198, 2.06804, 1.56579,,82, 0, 0.255023, 0.210482, 0.332839, 0.262285, 0.249748, 0.316153, 0.504902, 0.51645, 0.361344
,,,83, 1229.51, 910.291, 965.989, 824.746, 906.798, 919.354, 845.525, 609.2, 596.202, 788.066,,83, 1, 1.35067, 1.27279, 1.49077, 1.35588, 1.33736, 1.45413, 2.01823, 2.06223, 1.56016,,83, 0, 0.259629, 0.214327, 0.329206, 0.26247, 0.252257, 0.312305, 0.504516, 0.515088, 0.359039
,,,84, 1259.98, 918.618, 992.574, 828.807, 909.3, 939.066, 847.526, 610.11, 607.634, 790.938,,84, 1, 1.3716, 1.26941, 1.52023, 1.38566, 1.34174, 1.48666, 2.06517, 2.07358, 1.59302,,84, 0, 0.270927, 0.212231, 0.342206, 0.278323, 0.254698, 0.32735, 0.515778, 0.517743, 0.372262
,,,85, 1254.54, 936.955, 999.933, 830.084, 933.304, 949.569, 852.362, 611.998, 608.676, 793.481,,85, 1, 1.33896, 1.25463, 1.51134, 1.3442, 1.32117, 1.47184, 2.04991, 2.0611, 1.58106,,85, 0, 0.253151, 0.20295, 0.338337, 0.256061, 0.243096, 0.32058, 0.512174, 0.514823, 0.367514
,,,86, 1275.89, 940.78, 996.172, 834.957, 929.843, 942.25, 857.595, 614.238, 613.707, 810.577,,86, 1, 1.3562, 1.28079, 1.52809, 1.37216, 1.35409, 1.48775, 2.07719, 2.07899, 1.57405,,86, 0, 0.262648, 0.219234, 0.345589, 0.27122, 0.261496, 0.327846, 0.518581, 0.518997, 0.364697
,,,87, 1271.3, 941.836, 1002.77, 837.648, 942.923, 948.087, 857.835, 613.364, 615.646, 812.752,,87, 1, 1.34981, 1.26778, 1.5177, 1.34825, 1.34091, 1.48198, 2.07267, 2.06498, 1.56419,,87, 0, 0.259155, 0.211221, 0.341109, 0.258299, 0.254238, 0.325229, 0.51753, 0.515735, 0.360691
,,,88, 1300.89, 938.019, 999.2, 840.941, 947.469, 956.515, 863.089, 625.638, 615.236, 815.187,,88, 1, 1.38685, 1.30193, 1.54694, 1.37301, 1.36003, 1.50725, 2.0793, 2.11445, 1.59582,,88, 0, 0.27894, 0.23191, 0.353564, 0.271676, 0.264722, 0.336539, 0.519069, 0.527065, 0.373362
,,,89, 1303.23, 937.641, 1021.79, 842.382, 938.245, 950.378, 881.596, 628.177, 625.532, 819.19,,89, 1, 1.3899, 1.27543, 1.54707, 1.389, 1.37127, 1.47826, 2.07462, 2.08339, 1.59087,,89, 0, 0.280524, 0.21595, 0.353618, 0.28006, 0.27075, 0.323528, 0.517984, 0.520013, 0.371414
,,,90, 1307.01, 942.269, 1026.08, 845.507, 941.543, 952.056, 880.098, 630.217, 627.434, 820.569,,90, 1, 1.38709, 1.27378, 1.54583, 1.38816, 1.37283, 1.48507, 2.07391, 2.08311, 1.59281,,90, 0, 0.279066, 0.214938, 0.353099, 0.279621, 0.271578, 0.326633, 0.517818, 0.519947, 0.372179
,,,91, 1310.54, 958.41, 1028.07, 847.895, 941.539, 976.841, 890.839, 633.763, 628.988, 825.126,,91, 1, 1.36741, 1.27475, 1.54564, 1.39191, 1.34161, 1.47113, 2.06787, 2.08357, 1.58829,,91, 0, 0.26869, 0.215532, 0.353018, 0.281564, 0.254626, 0.32025, 0.51641, 0.520054, 0.370392
,,,92, 1311.42, 964.13, 1026.01, 846.551, 970.932, 981.117, 887.46, 631.624, 633.095, 827.796,,92, 1, 1.36021, 1.27818, 1.54913, 1.35068, 1.33666, 1.47772, 2.07627, 2.07144, 1.58423,,92, 0, 0.264821, 0.217636, 0.354478, 0.259634, 0.251868, 0.323284, 0.518367, 0.517245, 0.36878
,,,93, 1347.65, 975.207, 1042.8, 862.879, 981.313, 989.709, 886.412, 645.91, 631.171, 829.27,,93, 1, 1.38191, 1.29234, 1.5618, 1.37331, 1.36166, 1.52034, 2.08643, 2.13516, 1.6251,,93, 0, 0.276364, 0.226208, 0.359715, 0.271833, 0.265603, 0.342253, 0.520713, 0.53165, 0.384654
,,,94, 1350.38, 980.907, 1047.83, 869.85, 974.403, 980.973, 893.063, 648.318, 643.286, 832.531,,94, 1, 1.37667, 1.28874, 1.55243, 1.38586, 1.37657, 1.51208, 2.0829, 2.09919, 1.62202,,94, 0, 0.273607, 0.224047, 0.355849, 0.278424, 0.273558, 0.338659, 0.5199, 0.523626, 0.383484
,,,95, 1351.85, 971.693, 1050.45, 869.613, 981.137, 982.861, 895.63, 646.895, 645.482, 832.053,,95, 1, 1.39123, 1.28692, 1.55454, 1.37784, 1.37542, 1.50938, 2.08974, 2.09432, 1.62471,,95, 0, 0.28121, 0.22295, 0.356722, 0.274224, 0.272948, 0.337476, 0.521473, 0.522518, 0.384505
,,,96, 1341.56, 988.462, 1066.41, 880.384, 974.571, 994.834, 893.579, 663.668, 660.746, 833.692,,96, 1, 1.35722, 1.25801, 1.52383, 1.37656, 1.34852, 1.50133, 2.02143, 2.03037, 1.60917,,96, 0, 0.263197, 0.205093, 0.343759, 0.273552, 0.258448, 0.333923, 0.5053, 0.507478, 0.378563
,,,97, 1375.42, 988.04, 1066.17, 876.714, 994.087, 1008.53, 913.476, 665.598, 663.631, 834.044,,97, 1, 1.39207, 1.29006, 1.56883, 1.3836, 1.36379, 1.5057, 2.06644, 2.07256, 1.6491,,97, 0, 0.281644, 0.224841, 0.362583, 0.277247, 0.266749, 0.335855, 0.516076, 0.517506, 0.393607
,,,98, 1389.54, 998.827, 1071.01, 875.831, 1002.09, 1022.6, 921.494, 668.185, 665.188, 847.507,,98, 1, 1.39117, 1.29741, 1.58654, 1.38665, 1.35882, 1.50792, 2.07957, 2.08894, 1.63956,,98, 0, 0.281181, 0.229233, 0.369696, 0.278836, 0.264069, 0.336834, 0.519131, 0.521288, 0.39008
,,,99, 1391.21, 1011.57, 1076.54, 882.62, 998.763, 1004.88, 912.449, 667.672, 665.095, 850.65,,99, 1, 1.37529, 1.2923, 1.57622, 1.39293, 1.38445, 1.5247, 2.08367, 2.09174, 1.63546,,99, 0, 0.27288, 0.226186, 0.365572, 0.282089, 0.277691, 0.344131, 0.520077, 0.521929, 0.388553
,,,100, 1386.28, 1002.84, 1090.09, 897.223, 1003.86, 996.391, 921.287, 669.342, 665.63, 854.815,,100, 1, 1.38236, 1.27172, 1.54508, 1.38095, 1.3913, 1.50472, 2.07111, 2.08266, 1.62173,,100, 0, 0.276597, 0.213661, 0.352785, 0.27586, 0.28125, 0.335426, 0.517168, 0.519845, 0.383376
,,,101, 1417.38, 999.847, 1083.17, 905.446, 1014.55, 1013.48, 922.533, 668.74, 668.366, 855.286,,101, 1, 1.4176, 1.30855, 1.5654, 1.39705, 1.39853, 1.53641, 2.11949, 2.12067, 1.6572,,101, 0, 0.294583, 0.235798, 0.361185, 0.284208, 0.284966, 0.34913, 0.528188, 0.528452, 0.396574
,,,102, 1424.8, 1006.64, 1105.86, 890.281, 990.295, 1030.23, 946.024, 672.02, 669.432, 855.021,,102, 1, 1.4154, 1.28841, 1.60039, 1.43876, 1.38299, 1.50609, 2.12018, 2.12837, 1.66639,,102, 0, 0.293487, 0.223848, 0.375154, 0.304958, 0.276929, 0.336031, 0.528341, 0.530157, 0.399901
,,,103, 1415.73, 1025.67, 1089.71, 900.382, 1023.15, 1038.19, 952.029, 672.209, 669.52, 853.572,,103, 1, 1.3803, 1.29918, 1.57236, 1.38369, 1.36365, 1.48706, 2.10608, 2.11454, 1.65859,,103, 0, 0.275519, 0.230285, 0.364015, 0.277296, 0.266675, 0.327534, 0.525185, 0.527084, 0.39708
,,,104, 1452.57, 1040.34, 1085.99, 894.421, 1035.57, 1035.98, 949.394, 672.949, 669.953, 868.929,,104, 1, 1.39624, 1.33755, 1.62403, 1.40268, 1.40212, 1.53, 2.15851, 2.16817, 1.67168,,104, 0, 0.283793, 0.252365, 0.384249, 0.287078, 0.286795, 0.346404, 0.536718, 0.538781, 0.401799
,,,105, 1450.6, 1030.28, 1120.36, 891.103, 1030.98, 1036.66, 935.964, 672.193, 671.222, 873.012,,105, 1, 1.40796, 1.29476, 1.62787, 1.40702, 1.39931, 1.54985, 2.15801, 2.16113, 1.66161,,105, 0, 0.289755, 0.227658, 0.385701, 0.289277, 0.28536, 0.354775, 0.536611, 0.53728, 0.398173
,,,106, 1462.88, 1030.86, 1133.83, 913.058, 1038.74, 1039.43, 934.548, 673.977, 674.815, 869.569,,106, 1, 1.41908, 1.29021, 1.60217, 1.40833, 1.40739, 1.56533, 2.17052, 2.16782, 1.6823,,106, 0, 0.295319, 0.224935, 0.375848, 0.289937, 0.289464, 0.361158, 0.53928, 0.538707, 0.405576
,,,107, 1457.32, 1026.03, 1124.93, 922.01, 1038.01, 1046.15, 944.137, 691.56, 687.284, 875.267,,107, 1, 1.42035, 1.29548, 1.58059, 1.40396, 1.39303, 1.54355, 2.1073, 2.12041, 1.66501,,107, 0, 0.295946, 0.228085, 0.367327, 0.28773, 0.282141, 0.352144, 0.525459, 0.528394, 0.399402
,,,108, 1466.27, 1034.12, 1125.89, 924.465, 1012.78, 1074.54, 974.792, 690.218, 690.079, 880.474,,108, 1, 1.41789, 1.30232, 1.58607, 1.44776, 1.36455, 1.50418, 2.12435, 2.12478, 1.66532,,108, 0, 0.294725, 0.232137, 0.369511, 0.309277, 0.267159, 0.335187, 0.529268, 0.529363, 0.399513
,,,109, 1462.92, 1050.06, 1130.41, 927.591, 1045.95, 1061.55, 967.346, 691.404, 689.738, 872.818,,109, 1, 1.39318, 1.29415, 1.57712, 1.39866, 1.3781, 1.5123, 2.11587, 2.12098, 1.67609,,109, 0, 0.282216, 0.227294, 0.365932, 0.285029, 0.274365, 0.338756, 0.527381, 0.528519, 0.403373
,,,110, 1466.85, 1049.01, 1114.24, 908.283, 1056.68, 1083.11, 971.414, 692.963, 690.795, 869.64,,110, 1, 1.39832, 1.31646, 1.61497, 1.38817, 1.3543, 1.51002, 2.11678, 2.12343, 1.68674,,110, 0, 0.284858, 0.240388, 0.380795, 0.279627, 0.261612, 0.337756, 0.527585, 0.529063, 0.407139
,,,111, 1476.42, 1066.35, 1159.51, 919.36, 1057.42, 1062.11, 968.647, 693.74, 692.488, 883.5,,111, 1, 1.38456, 1.27332, 1.60592, 1.39625, 1.39008, 1.52421, 2.1282, 2.13205, 1.6711,,111, 0, 0.277747, 0.214649, 0.377304, 0.283797, 0.280618, 0.343921, 0.53012, 0.530968, 0.401592
,,,112, 1509.92, 1061.56, 1134.96, 924.087, 1063.23, 1059.99, 970.761, 692.296, 692.282, 898.238,,112, 1, 1.42236, 1.33038, 1.63396, 1.42014, 1.42447, 1.5554, 2.18104, 2.18108, 1.68099,,112, 0, 0.296945, 0.248336, 0.387991, 0.295842, 0.297983, 0.35708, 0.541503, 0.541512, 0.405111
,,,113, 1508.72, 1063.04, 1147.87, 918.777, 1049.51, 1054.34, 971.842, 696.332, 694.065, 884.407,,113, 1, 1.41926, 1.31437, 1.6421, 1.43755, 1.43096, 1.55243, 2.16667, 2.17375, 1.70591,,113, 0, 0.295406, 0.239178, 0.391023, 0.304372, 0.301167, 0.35585, 0.538462, 0.539965, 0.413803
,,,114, 1505.89, 1065.05, 1162.47, 951.313, 1046.88, 1085.25, 969.707, 694.256, 693.776, 903.567,,114, 1, 1.41392, 1.29543, 1.58296, 1.43846, 1.3876, 1.55294, 2.16908, 2.17057, 1.66661,,114, 0, 0.292747, 0.228055, 0.368273, 0.304812, 0.279332, 0.356058, 0.538974, 0.539293, 0.399979
,,,115, 1507.18, 1091.33, 1147.72, 939.887, 1083.65, 1079.19, 954.689, 695.925, 693.73, 895.513,,115, 1, 1.38105, 1.31319, 1.60357, 1.39084, 1.39658, 1.57871, 2.16572, 2.17257, 1.68303,,115, 0, 0.275912, 0.238495, 0.376393, 0.28101, 0.283965, 0.366572, 0.538259, 0.539716, 0.405834
,,,116, 1510.2, 1085.84, 1143.14, 949.958, 1083.81, 1096.06, 986.153, 694.608, 693.868, 896.202,,116, 1, 1.39081, 1.3211, 1.58975, 1.39341, 1.37784, 1.5314, 2.17417, 2.17649, 1.68511,,116, 0, 0.280997, 0.243055, 0.370972, 0.282337, 0.274226, 0.347005, 0.540055, 0.540545, 0.406567
,,,117, 1512.25, 1073.08, 1175.8, 953.763, 1069.51, 1082.95, 992.431, 693.219, 693.766, 894.501,,117, 1, 1.40926, 1.28615, 1.58557, 1.41397, 1.39642, 1.52379, 2.18149, 2.17977, 1.69061,,117, 0, 0.290409, 0.222486, 0.36931, 0.292769, 0.283881, 0.34374, 0.541599, 0.541237, 0.408498
,,,118, 1514.41, 1073.99, 1163.95, 949.985, 1087.48, 1088.28, 985.438, 694.932, 693.075, 883.148,,118, 1, 1.41008, 1.30109, 1.59414, 1.39258, 1.39156, 1.53679, 2.17922, 2.18506, 1.71478,,118, 0, 0.290821, 0.231415, 0.372701, 0.281909, 0.281381, 0.349291, 0.54112, 0.542346, 0.416836
,,,119, 1518.8, 1068, 1166.65, 938.206, 1093.96, 1089.26, 978.124, 710.658, 692.993, 890.661,,119, 1, 1.42209, 1.30185, 1.61883, 1.38834, 1.39434, 1.55276, 2.13717, 2.19165, 1.70525,,119, 0, 0.296812, 0.231861, 0.382271, 0.279716, 0.282813, 0.355987, 0.532091, 0.543722, 0.413575
,,,120, 1511, 1079.77, 1171.31, 942.151, 1077.11, 1075.66, 967.176, 713.575, 691.558, 898.097,,120, 1, 1.39937, 1.29001, 1.60377, 1.40282, 1.40472, 1.56228, 2.1175, 2.18492, 1.68244,,120, 0, 0.285391, 0.224812, 0.37647, 0.287149, 0.288114, 0.359908, 0.527745, 0.542317, 0.405626
,,,121, 1509.28, 1085.99, 1172.71, 948.726, 1079.29, 1094.72, 993.7, 712.269, 712.129, 887.025,,121, 1, 1.38977, 1.287, 1.59085, 1.39841, 1.37869, 1.51885, 2.11898, 2.1194, 1.70151,,121, 0, 0.280459, 0.223002, 0.371407, 0.284902, 0.274674, 0.341608, 0.528075, 0.528168, 0.412287
,,,122, 1543.4, 1071.38, 1171.54, 937.491, 1076.17, 1117.08, 986.079, 710.929, 711.101, 886.727,,122, 1, 1.44057, 1.31741, 1.64631, 1.43416, 1.38164, 1.56519, 2.17097, 2.17044, 1.74056,,122, 0, 0.305832, 0.240935, 0.392581, 0.30273, 0.276221, 0.3611, 0.539376, 0.539264, 0.425472
,,,123, 1545.61, 1075.57, 1175, 934.289, 1072.58, 1113.71, 990.354, 710.968, 710.524, 895.052,,123, 1, 1.43701, 1.3154, 1.65431, 1.44101, 1.3878, 1.56066, 2.17394, 2.1753, 1.72683,,123, 0, 0.304111, 0.239777, 0.395519, 0.306043, 0.279434, 0.359245, 0.540007, 0.540294, 0.420905
,,,124, 1550.44, 1105.07, 1159.68, 930.29, 1068.56, 1100.25, 988.54, 713.469, 711.315, 911.629,,124, 1, 1.40302, 1.33696, 1.66663, 1.45096, 1.40918, 1.56842, 2.17311, 2.17969, 1.70074,,124, 0, 0.287254, 0.252032, 0.399985, 0.310803, 0.290366, 0.362415, 0.53983, 0.541218, 0.412021
,,,125, 1542.73, 1099.8, 1203.22, 972.595, 1105.77, 1110.96, 985.361, 712.385, 711.998, 910.389,,125, 1, 1.40274, 1.28217, 1.5862, 1.39517, 1.38865, 1.56565, 2.16559, 2.16677, 1.69459,,125, 0, 0.287112, 0.220075, 0.369564, 0.283241, 0.279874, 0.361289, 0.538232, 0.538483, 0.409886
,,,126, 1550.17, 1103.46, 1189.7, 958.693, 1106.81, 1090.14, 973.384, 711.799, 712.122, 906.655,,126, 1, 1.40482, 1.30299, 1.61696, 1.40058, 1.42199, 1.59255, 2.17781, 2.17683, 1.70976,,126, 0, 0.288167, 0.232537, 0.381555, 0.286009, 0.296762, 0.372078, 0.540824, 0.540616, 0.415124
,,,127, 1552.69, 1090.24, 1192.28, 966.112, 1109.02, 1094.5, 966.521, 713.387, 710.735, 919.598,,127, 1, 1.42417, 1.30228, 1.60715, 1.40006, 1.41863, 1.60647, 2.17651, 2.18463, 1.68845,,127, 0, 0.297838, 0.232118, 0.377782, 0.285743, 0.295096, 0.377519, 0.540548, 0.542256, 0.40774
,,,128, 1545.53, 1094.22, 1181.55, 960.704, 1105.31, 1098.03, 966.755, 711.414, 711.241, 912.249,,128, 1, 1.41245, 1.30806, 1.60875, 1.39828, 1.40755, 1.59868, 2.17248, 2.17301, 1.6942,,128, 0, 0.292008, 0.235507, 0.378399, 0.284834, 0.289547, 0.374484, 0.539697, 0.539808, 0.409751

